Rank,Code,Description,Category,Patient_records,Percentage_of_disease_dataset
1,R41.8,Other Symptoms And Signs Involving Cognitive Functions And Awareness,Miscellaneous,24690,22.720998288333057
2,G40.9,"Epilepsy, Unspecified, Not Intractable, Without Status Epilepticus, Epilepsy, Unspecified, Intractable, With Status Epilepticus, Epilepsy, Unspecified, Intractable, Without Status Epilepticus, Epilepsy, Unspecified, Not Intractable, Without Status Epilepticus, Epilepsy, Unspecified, Intractable, With Status Epilepticus, Epilepsy, Unspecified, Intractable, Without Status Epilepticus, Epilepsy, Unspecified, Not Intractable, Without Status Epilepticus, Epilepsy, Unspecified, Intractable, With Status Epilepticus, Epilepsy, Unspecified, Intractable, Without Status Epilepticus",Seizure Disorders,19941,18.3507260780741
3,M79.6,Pain In Unspecified Limb,Miscellaneous,18472,16.998877293725727
4,R55,Syncope And Collapse,Miscellaneous,17219,15.845802734986105
5,F32.9,"Major Depressive Disorder, Single Episode, Unspecified",Miscellaneous,15211,13.997938637660354
6,R13.1,"Dysphagia, Unspecified",Miscellaneous,13474,12.399462573390021
7,G93.4,"Encephalopathy, Unspecified",Miscellaneous,13207,12.153755544512544
8,R47.0,"Aphasia, Dysphasia",Cerebral Lobe Dysfunction; Headache Disorders,12810,11.788415879852023
9,R41.0,"Disorientation, Unspecified",Cerebral Degeneration,12043,11.082583328732078
10,M54.5,Low Back Pain,Miscellaneous,11216,10.321535714943037
11,R29.8,Other Symptoms And Signs Involving The Musculoskeletal System,Miscellaneous,10839,9.974601071172216
12,R51,Headache,Headache Disorders,10632,9.784109104963834
13,G47.3,"Sleep Apnea, Unspecified, Primary Central Sleep Apnea, Obstructive Sleep Apnea (Adult) (Pediatric), Sleep Apnea, Unspecified, Primary Central Sleep Apnea, Obstructive Sleep Apnea (Adult) (Pediatric), Sleep Apnea, Unspecified, Primary Central Sleep Apnea, Obstructive Sleep Apnea (Adult) (Pediatric)",Sleep Disorders,10207,9.393002411057736
14,I63.9,"Cerebral Infarction, Unspecified",Cerebrovascular Diseases,9280,8.539929692820202
15,G40.2,"Localization-Related (Focal) (Partial) Symptomatic Epilepsy And Epileptic Syndromes With Complex Partial Seizures, Not Intractable, With Status Epilepticus, Localization-Related (Focal) (Partial) Symptomatic Epilepsy And Epileptic Syndromes With Complex Partial Seizures, Not Intractable, Without Status Epilepticus, Localization-Related (Focal) (Partial) Symptomatic Epilepsy And Epileptic Syndromes With Complex Partial Seizures, Intractable, With Status Epilepticus, Localization-Related (Focal) (Partial) Symptomatic Epilepsy And Epileptic Syndromes With Complex Partial Seizures, Intractable, Without Status Epilepticus, Localization-Related (Focal) (Partial) Symptomatic Epilepsy And Epileptic Syndromes With Complex Partial Seizures, Not Intractable, With Status Epilepticus, Localization-Related (Focal) (Partial) Symptomatic Epilepsy And Epileptic Syndromes With Complex Partial Seizures, Not Intractable, Without Status Epilepticus, Localization-Related (Focal) (Partial) Symptomatic Epilepsy And Epileptic Syndromes With Complex Partial Seizures, Intractable, With Status Epilepticus, Localization-Related (Focal) (Partial) Symptomatic Epilepsy And Epileptic Syndromes With Complex Partial Seizures, Intractable, Without Status Epilepticus, Localization-Related (Focal) (Partial) Symptomatic Epilepsy And Epileptic Syndromes With Complex Partial Seizures, Not Intractable, With Status Epilepticus, Localization-Related (Focal) (Partial) Symptomatic Epilepsy And Epileptic Syndromes With Complex Partial Seizures, Not Intractable, Without Status Epilepticus, Localization-Related (Focal) (Partial) Symptomatic Epilepsy And Epileptic Syndromes With Complex Partial Seizures, Intractable, With Status Epilepticus, Localization-Related (Focal) (Partial) Symptomatic Epilepsy And Epileptic Syndromes With Complex Partial Seizures, Intractable, Without Status Epilepticus, Localization-Related (Focal) (Partial) Symptomatic Epilepsy And Epileptic Syndromes With Complex Partial Seizures, Not Intractable, With Status Epilepticus, Localization-Related (Focal) (Partial) Symptomatic Epilepsy And Epileptic Syndromes With Complex Partial Seizures, Not Intractable, Without Status Epilepticus, Localization-Related (Focal) (Partial) Symptomatic Epilepsy And Epileptic Syndromes With Complex Partial Seizures, Intractable, With Status Epilepticus, Localization-Related (Focal) (Partial) Symptomatic Epilepsy And Epileptic Syndromes With Complex Partial Seizures, Intractable, Without Status Epilepticus",Seizure Disorders,8999,8.281339149319935
16,G47.0,"Insomnia, Unspecified",Sleep Disorders,8930,8.217841827250474
17,M54.2,Cervicalgia,Miscellaneous,8480,7.803728857232253
18,G40.8,"Lennox-Gastaut Syndrome, Not Intractable, With Status Epilepticus, Lennox-Gastaut Syndrome, Not Intractable, Without Status Epilepticus, Lennox-Gastaut Syndrome, Intractable, With Status Epilepticus, Lennox-Gastaut Syndrome, Intractable, Without Status Epilepticus, Epileptic Spasms, Not Intractable, With Status Epilepticus, Epileptic Spasms, Not Intractable, Without Status Epilepticus, Epileptic Spasms, Intractable, With Status Epilepticus, Epileptic Spasms, Intractable, Without Status Epilepticus, Lennox-Gastaut Syndrome, Not Intractable, With Status Epilepticus, Lennox-Gastaut Syndrome, Not Intractable, Without Status Epilepticus, Lennox-Gastaut Syndrome, Intractable, With Status Epilepticus, Lennox-Gastaut Syndrome, Intractable, Without Status Epilepticus, Epileptic Spasms, Not Intractable, With Status Epilepticus, Epileptic Spasms, Not Intractable, Without Status Epilepticus, Epileptic Spasms, Intractable, With Status Epilepticus, Epileptic Spasms, Intractable, Without Status Epilepticus, Lennox-Gastaut Syndrome, Not Intractable, With Status Epilepticus, Lennox-Gastaut Syndrome, Not Intractable, Without Status Epilepticus, Lennox-Gastaut Syndrome, Intractable, With Status Epilepticus, Lennox-Gastaut Syndrome, Intractable, Without Status Epilepticus, Epileptic Spasms, Not Intractable, With Status Epilepticus, Epileptic Spasms, Not Intractable, Without Status Epilepticus, Epileptic Spasms, Intractable, With Status Epilepticus, Epileptic Spasms, Intractable, Without Status Epilepticus, Lennox-Gastaut Syndrome, Not Intractable, With Status Epilepticus, Lennox-Gastaut Syndrome, Not Intractable, Without Status Epilepticus, Lennox-Gastaut Syndrome, Intractable, With Status Epilepticus, Lennox-Gastaut Syndrome, Intractable, Without Status Epilepticus, Epileptic Spasms, Not Intractable, With Status Epilepticus, Epileptic Spasms, Not Intractable, Without Status Epilepticus, Epileptic Spasms, Intractable, With Status Epilepticus, Epileptic Spasms, Intractable, Without Status Epilepticus, Lennox-Gastaut Syndrome, Not Intractable, With Status Epilepticus, Lennox-Gastaut Syndrome, Not Intractable, Without Status Epilepticus, Lennox-Gastaut Syndrome, Intractable, With Status Epilepticus, Lennox-Gastaut Syndrome, Intractable, Without Status Epilepticus, Epileptic Spasms, Not Intractable, With Status Epilepticus, Epileptic Spasms, Not Intractable, Without Status Epilepticus, Epileptic Spasms, Intractable, With Status Epilepticus, Epileptic Spasms, Intractable, Without Status Epilepticus, Lennox-Gastaut Syndrome, Not Intractable, With Status Epilepticus, Lennox-Gastaut Syndrome, Not Intractable, Without Status Epilepticus, Lennox-Gastaut Syndrome, Intractable, With Status Epilepticus, Lennox-Gastaut Syndrome, Intractable, Without Status Epilepticus, Epileptic Spasms, Not Intractable, With Status Epilepticus, Epileptic Spasms, Not Intractable, Without Status Epilepticus, Epileptic Spasms, Intractable, With Status Epilepticus, Epileptic Spasms, Intractable, Without Status Epilepticus, Lennox-Gastaut Syndrome, Not Intractable, With Status Epilepticus, Lennox-Gastaut Syndrome, Not Intractable, Without Status Epilepticus, Lennox-Gastaut Syndrome, Intractable, With Status Epilepticus, Lennox-Gastaut Syndrome, Intractable, Without Status Epilepticus, Epileptic Spasms, Not Intractable, With Status Epilepticus, Epileptic Spasms, Not Intractable, Without Status Epilepticus, Epileptic Spasms, Intractable, With Status Epilepticus, Epileptic Spasms, Intractable, Without Status Epilepticus, Lennox-Gastaut Syndrome, Not Intractable, With Status Epilepticus, Lennox-Gastaut Syndrome, Not Intractable, Without Status Epilepticus, Lennox-Gastaut Syndrome, Intractable, With Status Epilepticus, Lennox-Gastaut Syndrome, Intractable, Without Status Epilepticus, Epileptic Spasms, Not Intractable, With Status Epilepticus, Epileptic Spasms, Not Intractable, Without Status Epilepticus, Epileptic Spasms, Intractable, With Status Epilepticus, Epileptic Spasms, Intractable, Without Status Epilepticus",Seizure Disorders,7665,7.053724255977031
19,M62.8,"Muscle Weakness (Generalized), Other Muscle Spasm, Muscle Weakness (Generalized), Other Muscle Spasm",Miscellaneous,7373,6.785010950987429
20,Z51.8,Encounter For Therapeutic Drug Level Monitoring,Miscellaneous,6909,6.358014466346419
21,G40.3,"Generalized Idiopathic Epilepsy And Epileptic Syndromes, Intractable, With Status Epilepticus, Generalized Idiopathic Epilepsy And Epileptic Syndromes, Intractable, Without Status Epilepticus, Generalized Idiopathic Epilepsy And Epileptic Syndromes, Intractable, With Status Epilepticus, Generalized Idiopathic Epilepsy And Epileptic Syndromes, Intractable, Without Status Epilepticus",Seizure Disorders,6430,5.917214216038135
22,G40.1,"Localization-Related (Focal) (Partial) Symptomatic Epilepsy And Epileptic Syndromes With Simple Partial Seizures, Not Intractable, With Status Epilepticus, Localization-Related (Focal) (Partial) Symptomatic Epilepsy And Epileptic Syndromes With Simple Partial Seizures, Not Intractable, Without Status Epilepticus, Localization-Related (Focal) (Partial) Symptomatic Epilepsy And Epileptic Syndromes With Simple Partial Seizures, Intractable, With Status Epilepticus, Localization-Related (Focal) (Partial) Symptomatic Epilepsy And Epileptic Syndromes With Simple Partial Seizures, Intractable, Without Status Epilepticus, Localization-Related (Focal) (Partial) Symptomatic Epilepsy And Epileptic Syndromes With Simple Partial Seizures, Not Intractable, With Status Epilepticus, Localization-Related (Focal) (Partial) Symptomatic Epilepsy And Epileptic Syndromes With Simple Partial Seizures, Not Intractable, Without Status Epilepticus, Localization-Related (Focal) (Partial) Symptomatic Epilepsy And Epileptic Syndromes With Simple Partial Seizures, Intractable, With Status Epilepticus, Localization-Related (Focal) (Partial) Symptomatic Epilepsy And Epileptic Syndromes With Simple Partial Seizures, Intractable, Without Status Epilepticus, Localization-Related (Focal) (Partial) Symptomatic Epilepsy And Epileptic Syndromes With Simple Partial Seizures, Not Intractable, With Status Epilepticus, Localization-Related (Focal) (Partial) Symptomatic Epilepsy And Epileptic Syndromes With Simple Partial Seizures, Not Intractable, Without Status Epilepticus, Localization-Related (Focal) (Partial) Symptomatic Epilepsy And Epileptic Syndromes With Simple Partial Seizures, Intractable, With Status Epilepticus, Localization-Related (Focal) (Partial) Symptomatic Epilepsy And Epileptic Syndromes With Simple Partial Seizures, Intractable, Without Status Epilepticus, Localization-Related (Focal) (Partial) Symptomatic Epilepsy And Epileptic Syndromes With Simple Partial Seizures, Not Intractable, With Status Epilepticus, Localization-Related (Focal) (Partial) Symptomatic Epilepsy And Epileptic Syndromes With Simple Partial Seizures, Not Intractable, Without Status Epilepticus, Localization-Related (Focal) (Partial) Symptomatic Epilepsy And Epileptic Syndromes With Simple Partial Seizures, Intractable, With Status Epilepticus, Localization-Related (Focal) (Partial) Symptomatic Epilepsy And Epileptic Syndromes With Simple Partial Seizures, Intractable, Without Status Epilepticus",Seizure Disorders,6004,5.525187271087552
23,R26.9,Unspecified Abnormalities Of Gait And Mobility,Miscellaneous,5870,5.401873631126572
24,G43.9,"Migraine, Unspecified, Not Intractable, Without Status Migrainosus",Headache Disorders,5796,5.333775053834686
25,M54.1,"Radiculopathy, Site Unspecified",Miscellaneous,5550,5.1073932968913915
26,R41.3,Other Amnesia,Cerebral Lobe Dysfunction,5275,4.854324259658035
27,R25.2,"Cramp And Spasm, Cramp And Spasm",Miscellaneous; Movement And Cerebellar Disorders,5248,4.829477481456942
28,M79.1,Myalgia,Miscellaneous,5124,4.715366351940809
29,G81.9,"Hemiplegia, Unspecified Affecting Unspecified Side",Other Neurological Disorders,5041,4.63898551524856
30,F03.9,Unspecified Dementia Without Behavioral Disturbance,Cerebral Degeneration,4921,4.528555389910368
31,G40.4,"Other Generalized Epilepsy And Epileptic Syndromes, Not Intractable, Without Status Epilepticus, Other Generalized Epilepsy And Epileptic Syndromes, Intractable, With Status Epilepticus, Other Generalized Epilepsy And Epileptic Syndromes, Intractable, Without Status Epilepticus, Other Generalized Epilepsy And Epileptic Syndromes, Not Intractable, Without Status Epilepticus, Other Generalized Epilepsy And Epileptic Syndromes, Intractable, With Status Epilepticus, Other Generalized Epilepsy And Epileptic Syndromes, Intractable, Without Status Epilepticus, Other Generalized Epilepsy And Epileptic Syndromes, Not Intractable, Without Status Epilepticus, Other Generalized Epilepsy And Epileptic Syndromes, Intractable, With Status Epilepticus, Other Generalized Epilepsy And Epileptic Syndromes, Intractable, Without Status Epilepticus",Seizure Disorders,4482,4.124565181381481
32,G31.8,"Mild Cognitive Impairment, So Stated",Miscellaneous,4165,3.8328456002797564
33,D89.8,"Other Specified Disorders Involving The Immune Mechanism, Not Elsewhere Classified",Miscellaneous,4125,3.796035558500359
34,R25.1,"Tremor, Unspecified",Movement And Cerebellar Disorders,4025,3.7040104540518652
35,E11.4,Type 2 Diabetes Mellitus With Diabetic Polyneuropathy,Miscellaneous,3872,3.5632120442456703
36,G45.9,"Transient Cerebral Ischemic Attack, Unspecified",Cerebrovascular Diseases,3844,3.5374450150000922
37,G25.8,"Restless Legs Syndrome, Stiff-Man Syndrome",Miscellaneous; Sleep Disorders,3514,3.2337621703200634
38,R47.1,Dysarthria And Anarthria,Miscellaneous,2908,2.6760900373621923
39,F09,Unspecified Mental Disorder Due To Known Physiological Condition,Behavioral/Cognitive Syndromes,2877,2.6475622549831592
40,G43.0,"Migraine Without Aura, Not Intractable, With Status Migrainosus, Migraine Without Aura, Not Intractable, Without Status Migrainosus, Migraine Without Aura, Intractable, With Status Migrainosus, Migraine Without Aura, Intractable, Without Status Migrainosus, Migraine Without Aura, Not Intractable, With Status Migrainosus, Migraine Without Aura, Not Intractable, Without Status Migrainosus, Migraine Without Aura, Intractable, With Status Migrainosus, Migraine Without Aura, Intractable, Without Status Migrainosus, Migraine Without Aura, Not Intractable, With Status Migrainosus, Migraine Without Aura, Not Intractable, Without Status Migrainosus, Migraine Without Aura, Intractable, With Status Migrainosus, Migraine Without Aura, Intractable, Without Status Migrainosus, Migraine Without Aura, Not Intractable, With Status Migrainosus, Migraine Without Aura, Not Intractable, Without Status Migrainosus, Migraine Without Aura, Intractable, With Status Migrainosus, Migraine Without Aura, Intractable, Without Status Migrainosus",Headache Disorders,2755,2.5352916275559974
41,C71.9,"Malignant Neoplasm Of Brain, Unspecified",Intracranial And Spinal Tumors,2744,2.525168866066663
42,F90.9,"Attention-Deficit Hyperactivity Disorder, Unspecified Type",Behavioral/Cognitive Syndromes,2720,2.5030828409990247
43,D49.6,Neoplasm Of Unspecified Behavior Of Brain,Intracranial And Spinal Tumors,2655,2.443266523107504
44,G43.1,"Migraine With Aura, Not Intractable, With Status Migrainosus, Migraine With Aura, Not Intractable, Without Status Migrainosus, Migraine With Aura, Intractable, With Status Migrainosus, Migraine With Aura, Intractable, Without Status Migrainosus, Migraine With Aura, Not Intractable, With Status Migrainosus, Migraine With Aura, Not Intractable, Without Status Migrainosus, Migraine With Aura, Intractable, With Status Migrainosus, Migraine With Aura, Intractable, Without Status Migrainosus, Migraine With Aura, Not Intractable, With Status Migrainosus, Migraine With Aura, Not Intractable, Without Status Migrainosus, Migraine With Aura, Intractable, With Status Migrainosus, Migraine With Aura, Intractable, Without Status Migrainosus, Migraine With Aura, Not Intractable, With Status Migrainosus, Migraine With Aura, Not Intractable, Without Status Migrainosus, Migraine With Aura, Intractable, With Status Migrainosus, Migraine With Aura, Intractable, Without Status Migrainosus",Headache Disorders,2270,2.0889698709808036
45,R27.0,Ataxia,Movement And Cerebellar Disorders,2163,1.9905030092209155
46,F84.0,Autistic Disorder,Developmental Delay,1922,1.7687225075000461
47,G56.0,"Carpal Tunnel Syndrome, Unspecified Upper Limb",Miscellaneous,1822,1.6766974030515525
48,H53.9,Unspecified Visual Disturbance,Miscellaneous,1793,1.6500101227614894
49,G44.2,"Tension-Type Headache, Unspecified, Not Intractable",Headache Disorders,1758,1.6178013362045165
50,G43.7,"Chronic Migraine Without Aura, Not Intractable, With Status Migrainosus, Chronic Migraine Without Aura, Not Intractable, Without Status Migrainosus, Chronic Migraine Without Aura, Intractable, With Status Migrainosus, Chronic Migraine Without Aura, Intractable, Without Status Migrainosus, Chronic Migraine Without Aura, Not Intractable, With Status Migrainosus, Chronic Migraine Without Aura, Not Intractable, Without Status Migrainosus, Chronic Migraine Without Aura, Intractable, With Status Migrainosus, Chronic Migraine Without Aura, Intractable, Without Status Migrainosus, Chronic Migraine Without Aura, Not Intractable, With Status Migrainosus, Chronic Migraine Without Aura, Not Intractable, Without Status Migrainosus, Chronic Migraine Without Aura, Intractable, With Status Migrainosus, Chronic Migraine Without Aura, Intractable, Without Status Migrainosus, Chronic Migraine Without Aura, Not Intractable, With Status Migrainosus, Chronic Migraine Without Aura, Not Intractable, Without Status Migrainosus, Chronic Migraine Without Aura, Intractable, With Status Migrainosus, Chronic Migraine Without Aura, Intractable, Without Status Migrainosus",Headache Disorders,1751,1.611359578893122
51,G30.9,"Alzheimer's Disease, Unspecified",Cerebral Degeneration,1630,1.5000092025104448
52,G25.3,Myoclonus,Movement And Cerebellar Disorders,1618,1.4889661899766256
53,G20,Parkinson's Disease,Movement And Cerebellar Disorders,1553,1.4291498720851048
54,M79.2,"Neuralgia And Neuritis, Unspecified",Miscellaneous,1447,1.3316032613697018
55,D32.9,"Benign Neoplasm Of Meninges, Unspecified",Intracranial And Spinal Tumors,1398,1.2865109601899398
56,G04.9,"Encephalitis And Encephalomyelitis, Unspecified, Myelitis, Unspecified, Encephalitis And Encephalomyelitis, Unspecified, Myelitis, Unspecified",Infections,1388,1.2773084497450904
57,F79,Unspecified Intellectual Disabilities,Developmental Delay,1385,1.2745476966116356
58,H53.2,Diplopia,Miscellaneous,1377,1.2671856882557562
59,H81.1,"Benign Paroxysmal Vertigo, Bilateral",Miscellaneous,1248,1.1484733035171995
60,G25.0,Essential Tremor,Movement And Cerebellar Disorders,1089,1.0021533874440947
61,G43.8,"Other Migraine, Not Intractable, Without Status Migrainosus, Menstrual Migraine, Not Intractable, With Status Migrainosus, Menstrual Migraine, Not Intractable, Without Status Migrainosus, Menstrual Migraine, Intractable, With Status Migrainosus, Menstrual Migraine, Intractable, Without Status Migrainosus, Other Migraine, Not Intractable, Without Status Migrainosus, Menstrual Migraine, Not Intractable, With Status Migrainosus, Menstrual Migraine, Not Intractable, Without Status Migrainosus, Menstrual Migraine, Intractable, With Status Migrainosus, Menstrual Migraine, Intractable, Without Status Migrainosus, Other Migraine, Not Intractable, Without Status Migrainosus, Menstrual Migraine, Not Intractable, With Status Migrainosus, Menstrual Migraine, Not Intractable, Without Status Migrainosus, Menstrual Migraine, Intractable, With Status Migrainosus, Menstrual Migraine, Intractable, Without Status Migrainosus, Other Migraine, Not Intractable, Without Status Migrainosus, Menstrual Migraine, Not Intractable, With Status Migrainosus, Menstrual Migraine, Not Intractable, Without Status Migrainosus, Menstrual Migraine, Intractable, With Status Migrainosus, Menstrual Migraine, Intractable, Without Status Migrainosus, Other Migraine, Not Intractable, Without Status Migrainosus, Menstrual Migraine, Not Intractable, With Status Migrainosus, Menstrual Migraine, Not Intractable, Without Status Migrainosus, Menstrual Migraine, Intractable, With Status Migrainosus, Menstrual Migraine, Intractable, Without Status Migrainosus",Headache Disorders,1075,0.9892698728213056
62,G03.9,"Meningitis, Unspecified",Infections,1026,0.9441775716415438
63,G60.9,"Hereditary And Idiopathic Neuropathy, Unspecified",Peripheral Nervous System Disorders,1022,0.9404965674636041
64,G35,Multiple Sclerosis,Other Neurological Disorders,985,0.9064472788176614
65,H02.4,Unspecified Ptosis Of Unspecified Eyelid,Miscellaneous,984,0.9055270277731765
66,G95.9,"Disease Of Spinal Cord, Unspecified",Other Neurological Disorders,923,0.8493917140595955
67,G90.9,"Disorder Of The Autonomic Nervous System, Unspecified",Miscellaneous,867,0.797857655568439
68,R56.0,"Simple Febrile Convulsions, Complex Febrile Convulsions, Simple Febrile Convulsions, Complex Febrile Convulsions",Seizure Disorders,771,0.7095135552978853
69,G47.2,"Circadian Rhythm Sleep Disorder, Unspecified Type",Sleep Disorders,755,0.6947895385861262
70,P90,Convulsions Of Newborn,Seizure Disorders,738,0.6791452708298824
71,G47.6,Periodic Limb Movement Disorder,Sleep Disorders,728,0.6699427603850331
72,G62.8,Other Specified Polyneuropathies,Miscellaneous,694,0.6386542248725452
73,G51.0,Bell's Palsy,Peripheral Nervous System Disorders,646,0.5944821747372683
74,G25.9,"Extrapyramidal And Movement Disorder, Unspecified",Miscellaneous,632,0.5815986601144792
75,R62.0,Delayed Milestone In Childhood,Developmental Delay,619,0.5696353965361751
76,G47.5,"Parasomnia, Unspecified",Sleep Disorders,617,0.5677948944472052
77,G31.9,"Degenerative Disease Of Nervous System, Unspecified",Miscellaneous,613,0.5641138902692655
78,R56.1,Post Traumatic Seizures,Seizure Disorders,611,0.5622733881802956
79,G25.2,Other Specified Forms Of Tremor,Movement And Cerebellar Disorders,590,0.542948116246112
80,G93.2,Benign Intracranial Hypertension,Headache Disorders,588,0.541107614157142
81,G40.A09,,Seizure Disorders,587,0.5401873631126571
82,G80.9,"Cerebral Palsy, Unspecified",Other Neurological Disorders,577,0.5309848526678078
83,G37.9,"Demyelinating Disease Of Central Nervous System, Unspecified",Miscellaneous,546,0.5024570702887747
84,G44.0,"Cluster Headache Syndrome, Unspecified, Not Intractable",Headache Disorders,496,0.456444518064528
85,G60.8,Other Hereditary And Idiopathic Neuropathies,Peripheral Nervous System Disorders,482,0.44356100344173893
86,H46.9,Unspecified Optic Neuritis,Miscellaneous,469,0.43159773986343475
87,G95.2,Unspecified Cord Compression,Other Neurological Disorders,454,0.4177939741961607
88,H47.2,"Unspecified Optic Atrophy, Hereditary Optic Atrophy, Unspecified Optic Atrophy, Hereditary Optic Atrophy",Miscellaneous,454,0.4177939741961607
89,G72.9,"Myopathy, Unspecified",Muscular Dystrophies And Other Myopathies,449,0.41319271897373605
90,F91.9,"Conduct Disorder, Unspecified",Behavioral/Cognitive Syndromes,442,0.4067509616623415
91,G12.2,"Amyotrophic Lateral Sclerosis, Other Motor Neuron Disease, Other Motor Neuron Disease",Miscellaneous; Motor Neuron Diseases,412,0.3791434303277934
92,G50.0,Trigeminal Neuralgia,Peripheral Nervous System Disorders,403,0.370861170927429
93,G70.0,"Myasthenia Gravis Without (Acute) Exacerbation, Myasthenia Gravis With (Acute) Exacerbation, Myasthenia Gravis Without (Acute) Exacerbation",Miscellaneous; Peripheral Nervous System Disorders,382,0.35153589899324533
94,Z84.8,Family History Of Carrier Of Genetic Disease,Miscellaneous,362,0.33313087810354663
95,Q87.8,"Other Specified Congenital Malformation Syndromes, Not Elsewhere Classified",Developmental Delay,351,0.32300811661421236
96,G40.B09,,Seizure Disorders,334,0.30736384885796847
97,R48.2,Apraxia,Cerebral Lobe Dysfunction,329,0.30276259363554375
98,M60.9,"Myositis, Unspecified",Miscellaneous,319,0.29356008319069443
99,G31.0,"Pick's Disease, Other Frontotemporal Dementia, Pick's Disease, Other Frontotemporal Dementia",Cerebral Degeneration,316,0.2907993300572396
100,F95.9,"Tic Disorder, Unspecified",Movement And Cerebellar Disorders,312,0.28711832587929986
101,G24.0,Drug Induced Acute Dystonia,Movement And Cerebellar Disorders,306,0.28159681961239025
102,M62.5,"Muscle Wasting And Atrophy, Not Elsewhere Classified, Unspecified Site",Miscellaneous,282,0.2595107945447518
103,G40.A01,,Seizure Disorders,257,0.23650451843262843
104,G44.1,"Vascular Headache, Not Elsewhere Classified",Headache Disorders,253,0.23282351425468867
105,F70,Mild Intellectual Disabilities,Developmental Delay,252,0.23190326321020374
106,G47.4,"Narcolepsy With Cataplexy, Narcolepsy Without Cataplexy, Narcolepsy With Cataplexy, Narcolepsy Without Cataplexy",Sleep Disorders,243,0.22362100380983932
107,G63,Polyneuropathy In Diseases Classified Elsewhere,Miscellaneous,233,0.21441849336498997
108,G25.1,Drug-Induced Tremor,Movement And Cerebellar Disorders,223,0.20521598292014062
109,G95.1,Acute Infarction Of Spinal Cord (Embolic) (Nonembolic),Other Neurological Disorders,200,0.1840502088969871
110,G24.8,Other Dystonia,Movement And Cerebellar Disorders,188,0.17300719636316786
111,Z82.6,Family History Of Other Diseases Of The Musculoskeletal System And Connective Tissue,Miscellaneous,183,0.1684059411407432
112,R49.9,Unspecified Voice And Resonance Disorder,Headache Disorders,178,0.1638046859183185
113,Q89.7,"Multiple Congenital Malformations, Not Elsewhere Classified",Developmental Delay,175,0.1610439327848637
114,G43.A0,,Headache Disorders,170,0.15644267756243904
115,Q85.0,"Neurofibromatosis, Unspecified",Intracranial And Spinal Tumors,169,0.1555224265179541
116,F95.2,Tourette's Disorder,Movement And Cerebellar Disorders,159,0.14631991607310474
117,C71.6,Malignant Neoplasm Of Cerebellum,Intracranial And Spinal Tumors,156,0.14355916293964993
118,G58.9,"Mononeuropathy, Unspecified",Miscellaneous,149,0.1371174056282554
119,G61.8,Chronic Inflammatory Demyelinating Polyneuritis,Miscellaneous,148,0.13619715458377046
120,F71,Moderate Intellectual Disabilities,Developmental Delay,145,0.13343640145031566
121,G52.9,"Cranial Nerve Disorder, Unspecified",Cranial Nerve Disorders,145,0.13343640145031566
122,F84.5,Asperger's Syndrome,Developmental Delay,139,0.12791489518340604
123,G61.0,Guillain-Barre Syndrome,Peripheral Nervous System Disorders,136,0.12515414204995123
124,G25.5,Other Chorea,Movement And Cerebellar Disorders,135,0.1242338910054663
125,G43.4,"Hemiplegic Migraine, Not Intractable, With Status Migrainosus, Hemiplegic Migraine, Not Intractable, Without Status Migrainosus, Hemiplegic Migraine, Intractable, With Status Migrainosus, Hemiplegic Migraine, Intractable, Without Status Migrainosus, Hemiplegic Migraine, Not Intractable, With Status Migrainosus, Hemiplegic Migraine, Not Intractable, Without Status Migrainosus, Hemiplegic Migraine, Intractable, With Status Migrainosus, Hemiplegic Migraine, Intractable, Without Status Migrainosus, Hemiplegic Migraine, Not Intractable, With Status Migrainosus, Hemiplegic Migraine, Not Intractable, Without Status Migrainosus, Hemiplegic Migraine, Intractable, With Status Migrainosus, Hemiplegic Migraine, Intractable, Without Status Migrainosus, Hemiplegic Migraine, Not Intractable, With Status Migrainosus, Hemiplegic Migraine, Not Intractable, Without Status Migrainosus, Hemiplegic Migraine, Intractable, With Status Migrainosus, Hemiplegic Migraine, Intractable, Without Status Migrainosus",Headache Disorders,129,0.11871238473855668
126,F04,Amnestic Disorder Due To Known Physiological Condition,Behavioral/Cognitive Syndromes,126,0.11595163160510187
127,G40.A19,,Seizure Disorders,123,0.11319087847164706
128,Q89.9,"Congenital Malformation, Unspecified",Developmental Delay,122,0.11227062742716212
129,G40.B19,,Seizure Disorders,113,0.10398836802679771
130,F72,Severe Intellectual Disabilities,Developmental Delay,98,0.09018460235952368
131,E75.2,"Niemann-Pick Disease, Unspecified, Other Sphingolipidosis, Niemann-Pick Disease, Unspecified, Other Sphingolipidosis",Genetic Disorders,96,0.08834410027055381
132,G43.5,"Persistent Migraine Aura Without Cerebral Infarction, Not Intractable, With Status Migrainosus, Persistent Migraine Aura Without Cerebral Infarction, Not Intractable, Without Status Migrainosus, Persistent Migraine Aura Without Cerebral Infarction, Intractable, With Status Migrainosus, Persistent Migraine Aura Without Cerebral Infarction, Intractable, Without Status Migrainosus, Persistent Migraine Aura Without Cerebral Infarction, Not Intractable, With Status Migrainosus, Persistent Migraine Aura Without Cerebral Infarction, Not Intractable, Without Status Migrainosus, Persistent Migraine Aura Without Cerebral Infarction, Intractable, With Status Migrainosus, Persistent Migraine Aura Without Cerebral Infarction, Intractable, Without Status Migrainosus, Persistent Migraine Aura Without Cerebral Infarction, Not Intractable, With Status Migrainosus, Persistent Migraine Aura Without Cerebral Infarction, Not Intractable, Without Status Migrainosus, Persistent Migraine Aura Without Cerebral Infarction, Intractable, With Status Migrainosus, Persistent Migraine Aura Without Cerebral Infarction, Intractable, Without Status Migrainosus, Persistent Migraine Aura Without Cerebral Infarction, Not Intractable, With Status Migrainosus, Persistent Migraine Aura Without Cerebral Infarction, Not Intractable, Without Status Migrainosus, Persistent Migraine Aura Without Cerebral Infarction, Intractable, With Status Migrainosus, Persistent Migraine Aura Without Cerebral Infarction, Intractable, Without Status Migrainosus",Headache Disorders,95,0.08742384922606887
133,G21.9,"Secondary Parkinsonism, Unspecified",Movement And Cerebellar Disorders,92,0.08466309609261406
134,G51.8,Other Disorders Of Facial Nerve,Peripheral Nervous System Disorders,84,0.07730108773673458
135,G60.0,Hereditary Motor And Sensory Neuropathy,Peripheral Nervous System Disorders,79,0.0726998325143099
136,G71.0,Muscular Dystrophy,Muscular Dystrophies And Other Myopathies,76,0.0699390793808551
137,Q89.8,Other Specified Congenital Malformations,Developmental Delay,75,0.06901882833637016
138,Q05.9,"Spina Bifida, Unspecified",Other Neurological Disorders,70,0.06441757311394548
139,C72.0,Malignant Neoplasm Of Spinal Cord,Intracranial And Spinal Tumors,67,0.061656819980490676
140,E72.0,"Disorders Of Amino-Acid Transport, Unspecified, Cystinuria, Other Disorders Of Amino-Acid Transport, Cystinosis",Developmental Delay; Genetic Disorders,64,0.05889606684703587
141,R41.2,Retrograde Amnesia,Miscellaneous,62,0.057055564758066
142,G11.8,Other Hereditary Ataxias,Miscellaneous,60,0.05521506266909613
143,G43.A1,,Headache Disorders,60,0.05521506266909613
144,G72.4,Inclusion Body Myositis [IBM],Muscular Dystrophies And Other Myopathies,57,0.05245430953564132
145,F84.8,Other Pervasive Developmental Disorders,Developmental Delay,56,0.05153405849115639
146,G23.1,Progressive Supranuclear Ophthalmoplegia [Steele-Richardson-Olszewski],Movement And Cerebellar Disorders,54,0.04969355640218651
147,G71.1,"Myotonic Muscular Dystrophy, Myotonia Congenita, Drug Induced Myotonia, Myotonic Muscular Dystrophy, Myotonia Congenita, Drug Induced Myotonia, Myotonic Muscular Dystrophy, Myotonia Congenita, Drug Induced Myotonia",Muscular Dystrophies And Other Myopathies,53,0.04877330535770158
148,G43.B0,,Headache Disorders,53,0.04877330535770158
149,G11.1,Early-Onset Cerebellar Ataxia,Other Neurological Disorders,49,0.04509230117976184
150,E83.0,Wilson's Disease,Genetic Disorders,42,0.03865054386836729
151,G40.A11,,Seizure Disorders,42,0.03865054386836729
152,G36.0,Neuromyelitis Optica [Devic],Other Neurological Disorders,38,0.03496953969042755
153,G43.D0,,Headache Disorders,38,0.03496953969042755
154,G11.4,Hereditary Spastic Paraplegia,Other Neurological Disorders,31,0.028527782379033
155,R48.1,Agnosia,Cerebral Lobe Dysfunction,29,0.02668728029006313
156,F73,Profound Intellectual Disabilities,Developmental Delay,29,0.02668728029006313
157,G10,Huntington's Disease,Movement And Cerebellar Disorders,25,0.023006276112123386
158,G71.2,Congenital Myopathies,Muscular Dystrophies And Other Myopathies,25,0.023006276112123386
159,C75.1,Malignant Neoplasm Of Pituitary Gland,Intracranial And Spinal Tumors,21,0.019325271934183645
160,Q99.2,Fragile X Chromosome,Developmental Delay,21,0.019325271934183645
161,G43.C1,,Headache Disorders,20,0.018405020889698708
162,G73.7,Myopathy In Diseases Classified Elsewhere,Muscular Dystrophies And Other Myopathies,19,0.017484769845213775
163,G40.B11,,Seizure Disorders,19,0.017484769845213775
164,G40.B01,,Seizure Disorders,19,0.017484769845213775
165,G12.9,"Spinal Muscular Atrophy, Unspecified",Peripheral Nervous System Disorders,14,0.012883514622789097
166,G72.2,Myopathy Due To Other Toxic Agents,Muscular Dystrophies And Other Myopathies,9,0.008282259400364419
167,G72.3,Periodic Paralysis,Muscular Dystrophies And Other Myopathies,9,0.008282259400364419
168,G43.6,"Persistent Migraine Aura With Cerebral Infarction, Not Intractable, With Status Migrainosus, Persistent Migraine Aura With Cerebral Infarction, Not Intractable, Without Status Migrainosus, Persistent Migraine Aura With Cerebral Infarction, Intractable, With Status Migrainosus, Persistent Migraine Aura With Cerebral Infarction, Intractable, Without Status Migrainosus, Persistent Migraine Aura With Cerebral Infarction, Not Intractable, With Status Migrainosus, Persistent Migraine Aura With Cerebral Infarction, Not Intractable, Without Status Migrainosus, Persistent Migraine Aura With Cerebral Infarction, Intractable, With Status Migrainosus, Persistent Migraine Aura With Cerebral Infarction, Intractable, Without Status Migrainosus, Persistent Migraine Aura With Cerebral Infarction, Not Intractable, With Status Migrainosus, Persistent Migraine Aura With Cerebral Infarction, Not Intractable, Without Status Migrainosus, Persistent Migraine Aura With Cerebral Infarction, Intractable, With Status Migrainosus, Persistent Migraine Aura With Cerebral Infarction, Intractable, Without Status Migrainosus, Persistent Migraine Aura With Cerebral Infarction, Not Intractable, With Status Migrainosus, Persistent Migraine Aura With Cerebral Infarction, Not Intractable, Without Status Migrainosus, Persistent Migraine Aura With Cerebral Infarction, Intractable, With Status Migrainosus, Persistent Migraine Aura With Cerebral Infarction, Intractable, Without Status Migrainosus",Headache Disorders,8,0.007362008355879484
169,G43.B1,,Headache Disorders,6,0.005521506266909613
170,G43.D1,,Headache Disorders,6,0.005521506266909613
171,E76.2,Other Mucopolysaccharidoses,Genetic Disorders,4,0.003681004177939742
172,G12.8,Other Spinal Muscular Atrophies And Related Syndromes,Miscellaneous,4,0.003681004177939742
173,E70.0,Classical Phenylketonuria,Genetic Disorders,3,0.0027607531334548066
174,F84.3,Other Childhood Disintegrative Disorder,Developmental Delay,2,0.001840502088969871
175,E70.1,Other Hyperphenylalaninemias,Genetic Disorders,2,0.001840502088969871
176,E75.0,Tay-Sachs Disease,Genetic Disorders,2,0.001840502088969871
177,E76.3,"Mucopolysaccharidosis, Unspecified",Genetic Disorders,1,0.0009202510444849355
178,G93.7,Reye's Syndrome,Cerebral Degeneration,1,0.0009202510444849355
